predictor,VI_R2,VI_SR
mkt_lag,7.542373996471952e-05,-3.6745510902602696e-05
ltr,6.640788161593747e-05,-3.826756673092069e-05
infl,-0.002383704700670286,-8.84118408704393e-05
dfr,-0.0027998685999897077,-0.0002120809489552511
ntis,-0.003808906129232348,-1.1286792148179625e-05
svar,-0.005486984381919413,-0.00020329533143143008
bm,-0.012182568170859831,-0.00029484958177744547
dfy,-0.028098622382244365,-0.00107082832665506
tms,-0.09291504728066169,-0.002325234571344592
tbl,-0.13381248055011064,-0.0022572895781010627
ep,-0.15066923485094197,0.0012075020938203673
lty,-0.1832073232524989,-0.0009193578989925566
de,-0.2359656301201385,-0.009553276403207578
dp,-0.32900075056487843,-0.000670074691595135
dy,-0.3451330519369078,-0.000665668366143346
